,cid,pid,interaction
0,5311128,P21700,0
1,5311128,Q99VQ4,0
2,5284373,Q72547,1
3,5284373,Q9F4F7,0
4,5284373,O95372,0
5,5284373,P55210,0
6,5284373,P9WFX0,0
7,5284373,Q05DJ8,0
8,5284373,P08659,0
9,5284373,P9WQ59,0
10,5284373,P11021,0
11,5284373,P65502,0
12,5284373,O86157,0
13,5284373,P21700,0
14,5284373,Q99VQ4,0
15,448601,P21700,0
16,448601,Q99VQ4,0
17,1051,Q9F4F7,0
18,1051,P11021,0
19,1051,P08659,0
20,6274,Q6FTL6,1
21,6274,P08659,0
22,6274,P0AF67,0
23,6274,P11021,0
24,1060,Q9F4F7,0
25,1060,P11021,0
26,1060,P08659,0
27,6140,Q6FTL6,1
28,6140,P08659,0
29,6140,P0AF67,0
30,6140,Q9F4F7,0
31,6140,P11021,0
32,171548,P22629,1
33,171548,O95372,0
34,171548,P55210,0
35,171548,P00761,0
36,171548,Q9NPC2,0
37,171548,P9WFX0,0
38,171548,Q05DJ8,0
39,171548,P9WQ59,0
40,171548,Q02936,0
41,171548,P11021,0
42,171548,P65502,0
43,171548,O86157,0
44,171548,P08659,0
45,305,P08659,0
46,305,P0AF67,0
47,305,P11021,0
48,6322,P08659,0
49,6322,P0AF67,0
50,6322,P11021,0
51,6322,P21700,0
52,54670067,P0AF67,0
53,54670067,Q9F4F7,0
54,54670067,O95372,0
55,54670067,P55210,0
56,54670067,Q05DJ8,0
57,54670067,P08659,0
58,54670067,P9WQ59,0
59,54670067,P11021,0
60,54670067,P65502,1
61,54670067,O86157,0
62,5960,P08659,0
63,5960,P0AF67,0
64,5960,P11021,0
65,5960,P21700,0
66,6262,P50440,1
67,5961,Q9F4F7,0
68,5961,P11021,0
69,5961,P21700,0
70,6083,Q72874,1
71,6083,Q9F4F7,0
72,6083,P0A9J4,1
73,6083,P11021,0
74,6083,P08659,0
75,6083,P22629,0
76,5280934,Q9F4F7,1
77,5280934,P0AF67,0
78,5280934,O95372,0
79,5280934,P55210,0
80,5280934,P9WFX0,0
81,5280934,Q05DJ8,0
82,5280934,P08659,0
83,5280934,P9WQ59,0
84,5280934,P11021,0
85,5280934,P65502,0
86,5280934,O86157,0
87,5951,Q9F4F7,1
88,5951,P08659,0
89,5951,P0AF67,0
90,5951,P11021,0
91,6057,Q6FTL6,1
92,6057,Q50565,1
93,6057,P40881,1
94,6057,Q9F4F7,0
95,6057,Q4WAW7,0
96,6057,P11021,0
97,6057,P08659,0
98,5280453,P11411,0
99,5280453,P98170,0
100,5280453,Q9F4F7,0
101,5280453,O95372,0
102,5280453,P55210,0
103,5280453,Q9NPC2,0
104,5280453,P9WFX0,0
105,5280453,P08659,0
106,5280453,P11021,0
107,5280453,P21700,0
108,5280453,Q99VQ4,0
109,67678,Q9F4F7,0
110,67678,P11021,0
111,67678,P08659,0
112,1110,Q9F4F7,0
113,1110,P11021,0
114,1110,P08659,0
115,493570,P0AF67,0
116,493570,P08659,0
117,1738118,Q9F4F7,0
118,1738118,P11021,0
119,1738118,P08659,0
120,33032,Q03469,1
121,33032,Q9F4F7,1
122,33032,P08659,0
123,33032,P0AF67,0
124,33032,P11021,0
125,124886,P24473,1
126,124886,P9WFX0,0
127,124886,P08659,0
128,750,P08659,0
129,750,P0AF67,0
130,750,Q9F4F7,0
131,750,P11021,0
132,5283731,Q9F4F7,0
133,5283731,P9WFX0,0
134,5283731,P11021,0
135,5283731,P08659,0
136,5283731,P21700,0
137,5283731,Q99VQ4,0
138,6106,P08659,0
139,6106,P0AF67,0
140,6305,Q9X6J6,1
141,6305,Q50565,1
142,6305,Q6FTL6,1
143,6305,P40881,1
144,6305,P08659,0
145,6305,P0AF67,0
146,6305,Q9NPC2,0
147,6305,P11021,0
148,6305,P21700,0
149,5862,Q93UV0,1
150,5280793,O95372,0
151,5280793,P55210,0
152,5280793,Q05DJ8,0
153,5280793,P08659,0
154,5280793,P9WQ59,0
155,5280793,P11021,0
156,5280793,P65502,0
157,5280793,O86157,0
158,9750,Q9F4F7,0
159,9750,P11021,0
160,6288,P08659,0
161,446284,Q9F4F7,0
162,446284,P9WFX0,0
163,446284,P11021,0
164,446284,P08659,0
165,5950,P08659,0
166,5950,P0AF67,0
167,5950,Q9F4F7,0
168,5950,P11021,0
169,445354,P0AF67,0
170,445354,Q9F4F7,0
171,445354,O95372,0
172,445354,P55210,0
173,445354,Q9NPC2,0
174,445354,P9WFX0,0
175,445354,Q05DJ8,0
176,445354,P9WQ59,0
177,445354,Q02936,0
178,445354,P11021,0
179,445354,P65502,0
180,445354,O86157,0
181,445354,P08659,0
182,445354,Q99VQ4,0
183,14985,Q9F4F7,0
184,14985,O95372,0
185,14985,P55210,0
186,14985,Q9NPC2,0
187,14985,Q05DJ8,0
188,14985,P9WQ59,0
189,14985,P11021,0
190,14985,P65502,0
191,14985,O86157,0
192,14985,P08659,0
193,1054,P08659,0
194,1054,P0AF67,0
195,1054,Q9F4F7,0
196,1054,P11021,0
197,1054,Q99VQ4,0
198,6112,Q9F4F7,0
199,6112,P11021,0
200,6112,P21700,0
201,6112,O42713,1
202,5280795,P0AF67,0
203,5280795,Q9F4F7,0
204,5280795,P11021,0
205,4055,P28593,1
206,4055,P08659,0
207,4055,P0AF67,0
208,4055,P11411,1
209,4055,P98170,0
210,4055,Q9F4F7,0
211,4055,O95372,0
212,4055,P55210,0
213,4055,Q9NPC2,0
214,4055,P9WFX0,0
215,4055,Q05DJ8,0
216,4055,P9WQ59,0
217,4055,P11021,0
218,4055,P65502,0
219,4055,O86157,0
220,4055,Q99VQ4,0
221,145742,P08659,0
222,145742,P0AF67,0
223,145742,Q9F4F7,0
224,145742,P11021,0
225,190,Q9F4F7,0
226,190,O95372,0
227,190,P55210,0
228,190,Q9NPC2,0
229,190,P9WFX0,0
230,190,Q05DJ8,0
231,190,P9WQ59,0
232,190,Q02936,0
233,190,P11021,0
234,190,P65502,0
235,190,O86157,0
236,190,P08659,0
237,190,P22629,0
238,190,Q99VQ4,0
239,3404,P11021,0
240,3404,P08659,0
241,60846,P11411,0
242,60846,P98170,0
243,60846,Q9F4F7,0
244,60846,O95372,0
245,60846,P55210,0
246,60846,Q9NPC2,0
247,60846,P9WFX0,0
248,60846,P21700,0
249,60846,Q99VQ4,0
250,5362129,O95372,0
251,5362129,P55210,0
252,5362129,Q9NPC2,0
253,5362129,Q05DJ8,0
254,5362129,P9WQ59,0
255,5362129,P11021,0
256,5362129,P65502,0
257,5362129,O86157,0
258,5362129,P21700,0
259,5362129,Q99VQ4,0
260,5362129,P08659,0
261,71398,P08659,0
262,71398,P0AF67,0
263,71398,P11021,0
264,71398,P21700,0
265,82153,Q690N0,1
266,82153,O95372,0
267,82153,P55210,0
268,82153,P9WFX0,0
269,82153,Q05DJ8,0
270,82153,P08659,0
271,82153,P9WQ59,0
272,82153,P11021,0
273,82153,P65502,0
274,82153,O86157,0
275,82153,P21700,0
276,2284,Q91ZM7,1
277,2284,Q9F4F7,0
278,2284,Q02499,0
279,2284,P08659,0
280,2284,P9WFX0,0
281,2284,P11021,0
282,2284,P21700,0
283,2284,Q99VQ4,0
284,3007,Q63380,1
285,9853654,Q9F4F7,0
286,9853654,P11021,0
287,9853654,P08659,0
288,89594,P02712,1
289,89594,P02714,1
290,89594,P02718,1
291,89594,P02710,1
292,89594,Q8WSF8,1
293,89594,P58154,1
294,89594,P21687,1
295,89594,P0AF67,0
296,89594,Q9F4F7,0
297,89594,O95372,0
298,89594,P55210,0
299,89594,Q9NPC2,0
300,89594,Q05DJ8,0
301,89594,P11021,0
302,89594,P08659,0
303,89594,P9WQ59,0
304,89594,P65502,0
305,89594,O86157,0
306,89594,P21700,0
307,3958,Q9F4F7,0
308,3958,P11021,0
309,3958,P08659,0
310,3958,P21700,0
311,3958,Q99VQ4,0
312,59768,P11021,0
313,59768,P08659,0
314,59768,P21700,0
315,59768,Q99VQ4,0
316,387447,P08659,0
317,34359,Q9F4F7,1
318,34359,P08659,0
319,34359,P0AF67,0
320,34359,P11411,0
321,34359,P98170,0
322,34359,Q05DJ8,0
323,34359,P9WQ59,0
324,34359,P11021,0
325,34359,P65502,0
326,34359,O86157,0
327,34359,P21700,0
328,34359,Q99VQ4,0
329,4771,Q99VQ4,0
330,52195,P08659,0
331,33741,Q9F4F7,0
332,33741,O95372,0
333,33741,P55210,0
334,33741,Q9NPC2,0
335,33741,Q05DJ8,0
336,33741,P08659,0
337,33741,P9WQ59,0
338,33741,P11021,0
339,33741,P65502,0
340,33741,P21700,0
341,33741,Q99VQ4,0
342,21704,O95372,0
343,21704,P55210,0
344,21704,Q9NPC2,0
345,21704,P9WFX0,0
346,21704,Q05DJ8,0
347,21704,P9WQ59,0
348,21704,P11021,0
349,21704,P65502,0
350,21704,O86157,0
351,21704,P21700,0
352,21704,Q99VQ4,0
353,2369,Q9F4F7,0
354,2369,P11021,0
355,2369,P08659,0
356,2369,P21700,0
357,2369,Q99VQ4,0
358,3365,Q96W81,1
359,3365,Q4WNT5,1
360,3365,Q9F4F7,0
361,3365,O95372,0
362,3365,P00811,0
363,3365,P55210,0
364,3365,Q9NPC2,0
365,3365,P9WFX0,0
366,3365,Q05DJ8,0
367,3365,Q09GQ4,0
368,3365,P9WQ59,0
369,3365,P11021,0
370,3365,P65502,0
371,3365,O86157,0
372,3365,P08659,0
373,3365,P21700,0
374,3365,Q99VQ4,0
375,65028,Q6Q793,1
376,65028,P03468,1
377,65028,P03469,1
378,65028,Q75VQ4,1
379,65028,Q2LFS1,1
380,65028,P21700,0
381,65028,Q99VQ4,0
382,12560,Q9F4F7,0
383,12560,O95372,0
384,12560,P55210,0
385,12560,Q9NPC2,0
386,12560,P9WFX0,0
387,12560,Q05DJ8,0
388,12560,P08659,0
389,12560,P9WQ59,0
390,12560,P11021,0
391,12560,P65502,0
392,12560,O86157,0
393,12560,Q99VQ4,1
394,2519,Q9F4F7,0
395,2519,P06737,1
396,2519,Q873X9,1
397,2519,P08659,0
398,2519,P0AF67,0
399,2519,O95372,0
400,2519,P55210,0
401,2519,Q9NPC2,0
402,2519,P9WFX0,0
403,2519,Q05DJ8,0
404,2519,P11021,0
405,2519,P9WQ59,0
406,2519,P65502,0
407,2519,O86157,0
408,2519,P21700,0
409,2519,Q99VQ4,0
410,5314,P08659,0
411,5314,P0AF67,0
412,5314,P11021,0
413,5314,P21700,0
414,5314,Q99VQ4,0
415,71329,P11411,0
416,71329,P98170,0
417,71329,Q9F4F7,0
418,71329,O95372,0
419,71329,P55210,0
420,71329,Q9NPC2,0
421,71329,P08659,0
422,71329,P11021,0
423,71329,P21700,0
424,71329,Q99VQ4,0
425,4993,P13922,1
426,4993,P16184,1
427,4993,Q07422,1
428,4993,P22906,1
429,4993,Q02499,0
430,4993,P08659,0
431,4993,P0AF67,0
432,4993,P11411,0
433,4993,P98170,0
434,4993,Q9F4F7,0
435,4993,O95372,0
436,4993,P55210,0
437,4993,Q9NPC2,0
438,4993,P9WFX0,0
439,4993,Q05DJ8,0
440,4993,P9WQ59,0
441,4993,P11021,0
442,4993,P65502,0
443,4993,O86157,0
444,4993,P21700,0
445,4993,Q99VQ4,0
446,5770,P0A0J7,1
447,5770,P0AF67,0
448,5770,Q9F4F7,0
449,5770,O95372,0
450,5770,P55210,0
451,5770,P9WFX0,0
452,5770,Q05DJ8,0
453,5770,P11021,0
454,5770,P08659,0
455,5770,P9WQ59,0
456,5770,P65502,0
457,5770,O86157,0
458,5770,P21700,0
459,5770,Q99VQ4,0
460,447043,P0AF67,0
461,447043,Q9F4F7,0
462,447043,O95372,0
463,447043,P55210,0
464,447043,Q9NPC2,0
465,447043,P9WFX0,0
466,447043,Q05DJ8,0
467,447043,P9WQ59,0
468,447043,P11021,0
469,447043,P65502,0
470,447043,O86157,0
471,447043,P08659,0
472,447043,P21700,0
473,447043,Q99VQ4,1
474,5472,P08659,0
475,5472,P0AF67,0
476,5472,Q9F4F7,0
477,5472,O95372,0
478,5472,P55210,0
479,5472,Q9NPC2,0
480,5472,Q05DJ8,0
481,5472,P9WQ59,0
482,5472,P11021,0
483,5472,P65502,0
484,5472,O86157,0
485,5472,P21700,0
486,5472,Q99VQ4,0
487,5284632,Q9F4F7,0
488,5284632,P11021,0
489,5284632,P08659,0
490,60164,Q9F4F7,0
491,60164,P11021,0
492,60164,P08659,0
493,60164,P21700,0
494,4679,Q9F4F7,0
495,4679,P9WFX0,0
496,4679,P11021,0
497,4679,P08659,0
498,4679,P21700,0
499,4679,Q99VQ4,0
500,4679,P86926,0
501,41781,P08659,0
502,41781,P0AF67,0
503,41781,P11411,0
504,41781,P98170,0
505,41781,Q9F4F7,0
506,41781,O95372,0
507,41781,P55210,0
508,41781,Q9NPC2,0
509,41781,P9WFX0,0
510,41781,Q05DJ8,0
511,41781,P9WQ59,0
512,41781,P11021,0
513,41781,P65502,0
514,41781,O86157,0
515,41781,P21700,0
516,41781,Q99VQ4,0
517,2771,Q63380,1
518,2771,Q9WTR4,1
519,2771,Q02499,0
520,2771,P08659,0
521,2771,P11411,0
522,2771,P98170,0
523,2771,Q9F4F7,0
524,2771,P11021,0
525,2771,P21700,0
526,2771,Q99VQ4,0
527,77993,Q9F4F7,0
528,77993,P11021,0
529,77993,P08659,0
530,152946,P0AES4,1
531,152946,P0AES6,1
532,152946,Q47245,1
533,152946,P0C1U9,1
534,152946,P0A0K8,1
535,152946,P20831,1
536,5749,P11021,0
537,5749,P08659,0
538,64143,Q72874,1
539,64143,Q9YQ12,1
540,64143,Q690N0,1
541,64143,Q9F4F7,0
542,64143,O95372,0
543,64143,P55210,0
544,64143,Q9NPC2,0
545,64143,Q05DJ8,0
546,64143,P08659,0
547,64143,P9WQ59,0
548,64143,P11021,0
549,64143,P65502,0
550,64143,O86157,0
551,3762,P11021,0
552,3476,P08659,0
553,3476,P0AF67,0
554,3476,Q9F4F7,0
555,3476,O95372,0
556,3476,P55210,0
557,3476,Q9NPC2,0
558,3476,P9WFX0,0
559,3476,Q05DJ8,0
560,3476,P9WQ59,0
561,3476,P11021,0
562,3476,P65502,0
563,3476,O86157,0
564,3476,P21700,0
565,3476,Q99VQ4,0
566,3476,P86926,0
567,5362440,Q72874,1
568,5362440,Q9YQ12,1
569,5362440,Q4U254,1
570,24847884,P11021,0
571,24847884,P08659,0
572,53232,Q95214,1
573,53232,Q02499,0
574,53232,P08659,0
575,53232,P0AF67,0
576,53232,P11411,0
577,53232,P98170,0
578,53232,Q9F4F7,0
579,53232,O95372,0
580,53232,P55210,0
581,53232,Q9NPC2,0
582,53232,P9WFX0,0
583,53232,Q05DJ8,0
584,53232,P9WQ59,0
585,53232,Q02936,0
586,53232,P11021,0
587,53232,P65502,0
588,53232,O86157,0
589,53232,P21700,0
590,53232,Q99VQ4,0
591,3226,Q9F4F7,0
592,3226,P11021,0
593,3226,P08659,0
594,5486971,O77773,1
595,5391,Q9F4F7,0
596,5391,P11021,0
597,5391,P08659,0
598,4121,Q9F4F7,0
599,4121,Q05DJ8,0
600,4121,P9WQ59,0
601,4121,P11021,0
602,4121,P65502,0
603,4121,O86157,0
604,4121,P08659,0
605,4121,P21700,0
606,4649,Q02499,0
607,4649,P08659,0
608,4649,P98170,0
609,4649,Q9F4F7,0
610,4649,P55210,0
611,4649,Q05DJ8,0
612,4649,P9WQ59,0
613,4649,P11021,0
614,4649,P65502,0
615,4649,O86157,0
616,4649,P21700,0
617,4649,Q99VQ4,0
618,4197,Q9XSW7,1
619,4197,O77823,1
620,4197,P08659,0
621,4197,P0AF67,0
622,4197,P11411,0
623,4197,P98170,0
624,4197,Q9F4F7,0
625,4197,O95372,0
626,4197,P55210,0
627,4197,Q9NPC2,0
628,4197,P9WFX0,0
629,4197,Q05DJ8,0
630,4197,P11021,0
631,4197,P9WQ59,0
632,4197,P65502,0
633,4197,O86157,0
634,4197,P21700,0
635,4197,Q99VQ4,0
636,4842,Q9F4F7,0
637,4842,P9WFX0,0
638,4842,P11021,0
639,4842,P08659,0
640,4842,Q99VQ4,0
641,4463,Q72547,1
642,4463,Q9WKE8,1
643,4463,Q72874,1
644,4463,Q02499,0
645,4463,P08659,0
646,4463,P0AF67,0
647,4463,P11411,0
648,4463,P98170,0
649,4463,Q9F4F7,0
650,4463,O95372,0
651,4463,P55210,0
652,4463,Q9NPC2,0
653,4463,Q05DJ8,0
654,4463,P9WQ59,0
655,4463,P11021,0
656,4463,P65502,0
657,4463,O86157,0
658,4463,P21700,0
659,4463,Q99VQ4,0
660,5353853,P21700,0
661,5353853,Q99VQ4,1
662,20279,Q02499,0
663,20279,P08659,0
664,20279,P11411,0
665,20279,P98170,0
666,20279,Q9F4F7,0
667,20279,O95372,0
668,20279,P55210,0
669,20279,Q9NPC2,0
670,20279,Q05DJ8,0
671,20279,P9WQ59,0
672,20279,P11021,0
673,20279,P65502,0
674,20279,O86157,0
675,20279,P21700,0
676,20279,Q99VQ4,0
677,56959,Q5YLN7,1
678,56959,Q9F4F7,0
679,56959,O95372,0
680,56959,P55210,0
681,56959,P9WFX0,0
682,56959,Q05DJ8,0
683,56959,P11021,0
684,56959,P08659,0
685,56959,P9WQ59,0
686,56959,P65502,0
687,56959,O86157,0
688,56959,P21700,0
689,56959,Q99VQ4,0
690,4075,Q9F4F7,1
691,4075,P08659,0
692,4075,P0AF67,0
693,4075,O95372,0
694,4075,P55210,0
695,4075,Q9NPC2,0
696,4075,P9WFX0,0
697,4075,P11021,0
698,4075,P21700,0
699,4075,Q99VQ4,0
700,1201549,Q9F4F7,0
701,1201549,P11021,0
702,1201549,P08659,0
703,60854,Q63380,1
704,60854,P11411,0
705,60854,P98170,0
706,60854,Q9F4F7,0
707,60854,P08659,0
708,54746,P21700,0
709,54746,Q99VQ4,0
710,54746,P08659,0
711,5905,O95372,0
712,5905,P68563,1
713,5905,P55210,0
714,5905,Q05DJ8,0
715,5905,P08659,0
716,5905,P9WQ59,0
717,5905,P11021,0
718,5905,P65502,0
719,5905,O86157,0
720,5905,P21700,0
721,5905,Q99VQ4,0
722,2955,P16184,1
723,2955,Q4Z710,1
724,2955,Q02499,0
725,2955,P08659,0
726,2955,P0AF67,0
727,2955,P11411,0
728,2955,P98170,0
729,2955,Q9F4F7,0
730,2955,O95372,0
731,2955,P55210,0
732,2955,Q9NPC2,0
733,2955,P9WFX0,0
734,2955,Q05DJ8,0
735,2955,P9WQ59,0
736,2955,P11021,0
737,2955,P65502,0
738,2955,O86157,0
739,2955,P21700,0
740,2955,Q99VQ4,0
741,441383,O95372,0
742,441383,P55210,0
743,441383,Q05DJ8,0
744,441383,P08659,0
745,441383,P9WQ59,0
746,441383,P11021,0
747,441383,P65502,0
748,441383,O86157,0
749,1775,P08659,0
750,1775,P0AF67,0
751,1775,P11411,0
752,1775,P98170,0
753,1775,Q9F4F7,0
754,1775,O95372,0
755,1775,P55210,0
756,1775,Q9NPC2,0
757,1775,P9WFX0,0
758,1775,Q05DJ8,0
759,1775,P11021,0
760,1775,P9WQ59,0
761,1775,P65502,0
762,1775,O86157,0
763,1775,P21700,0
764,1775,Q99VQ4,0
765,247839,P11411,0
766,247839,P98170,0
767,247839,Q9F4F7,0
768,247839,O95372,0
769,247839,P55210,0
770,247839,Q9NPC2,0
771,247839,P9WFX0,0
772,247839,Q05DJ8,0
773,247839,P08659,0
774,247839,P9WQ59,0
775,247839,P11021,0
776,247839,P65502,0
777,247839,O86157,0
778,247839,P21700,0
779,54671203,Q9F4F7,0
780,54671203,P11021,0
781,54671203,Q09GQ4,0
782,54671203,P21700,0
783,54671203,Q99VQ4,1
784,3054,P08659,0
785,2812,Q96W81,1
786,2812,Q690N0,1
787,2812,Q4WNT5,1
788,2812,P00811,1
789,2812,P08659,0
790,2812,P0AF67,0
791,2812,P11411,0
792,2812,P98170,0
793,2812,Q9F4F7,0
794,2812,O95372,0
795,2812,P55210,0
796,2812,Q9NPC2,1
797,2812,P9WFX0,0
798,2812,Q05DJ8,0
799,2812,P11021,0
800,2812,P9WQ59,0
801,2812,P65502,0
802,2812,O86157,0
803,2812,P21700,0
804,2812,Q99VQ4,1
805,5333,Q5U9J1,1
806,5333,P40881,1
807,5333,Q31FD6,1
808,5333,Q3I4V7,1
809,5333,Q5TU56,1
810,5333,P96878,1
811,5333,Q6FTL6,1
812,5333,P08659,0
813,5333,P0AF67,0
814,5333,Q9F4F7,0
815,5333,O95372,0
816,5333,P55210,0
817,5333,Q9NPC2,0
818,5333,P9WFX0,0
819,5333,Q05DJ8,0
820,5333,P9WQ59,0
821,5333,P11021,0
822,5333,P65502,0
823,5333,O86157,0
824,5333,Q99VQ4,0
825,6234,P08659,0
826,6234,P0AF67,0
827,6234,P11411,0
828,6234,P98170,0
829,6234,Q9F4F7,0
830,6234,O95372,0
831,6234,P55210,0
832,6234,Q9NPC2,0
833,6234,P9WFX0,0
834,6234,P07862,1
835,6234,P0ABH0,1
836,6234,P0ACC3,1
837,6234,P02930,1
838,6234,P0A7T7,1
839,6234,P0A725,1
840,6234,P11021,0
841,6234,P21700,0
842,6234,Q99VQ4,0
843,6234,P9WQA9,0
844,2578,P08659,0
845,2578,P0AF67,0
846,2578,Q9F4F7,0
847,2578,O95372,0
848,2578,P55210,0
849,2578,Q05DJ8,0
850,2578,P11021,0
851,2578,P9WQ59,0
852,2578,P65502,0
853,2578,O86157,0
854,2578,P21700,0
855,2578,Q99VQ4,0
856,5344,Q02499,0
857,5344,P08659,0
858,5344,P0AF67,0
859,5344,P11411,0
860,5344,P98170,0
861,5344,Q9F4F7,0
862,5344,O95372,0
863,5344,P55210,0
864,5344,Q9NPC2,0
865,5344,P9WFX0,0
866,5344,Q05DJ8,0
867,5344,P9WQ59,0
868,5344,P11021,0
869,5344,P65502,0
870,5344,O86157,0
871,5344,P21700,0
872,5344,Q99VQ4,0
873,4171,P11021,0
874,4171,P08659,0
875,4171,P21700,0
876,4171,Q99VQ4,0
877,2883,P08659,0
878,54676038,P07374,1
879,54676038,Q5NGQ3,1
880,54676038,P08659,0
881,54676038,P0AF67,0
882,54676038,Q9F4F7,0
883,54676038,P9WFX0,0
884,54676038,P11021,0
885,54676038,Q99VQ4,0
886,5095,P08659,0
887,5095,P0AF67,0
888,5095,Q9F4F7,0
889,5095,P11021,0
890,5095,Q99VQ4,0
891,3784,P08659,0
892,3784,P0AF67,0
893,3784,P11411,0
894,3784,P98170,0
895,3784,Q9F4F7,0
896,3784,O95372,0
897,3784,P55210,0
898,3784,Q9NPC2,0
899,3784,P9WFX0,0
900,3784,Q05DJ8,0
901,3784,P9WQ59,0
902,3784,P11021,0
903,3784,P65502,0
904,3784,O86157,0
905,3784,P21700,0
906,3784,Q99VQ4,0
907,3784,P86926,0
908,2140,P11021,0
909,2140,P08659,0
910,2140,Q99VQ4,0
911,7741,P08659,0
912,7741,P0AF67,0
913,7741,Q9F4F7,0
914,7741,P11021,0
915,5284627,P00918,1
916,5284627,Q6FTL6,1
917,5284627,P40881,1
918,5284627,Q3I4V7,1
919,5284627,Q5U9J1,1
920,5284627,Q31FD6,1
921,5284627,P96878,1
922,5284627,Q50565,1
923,5284627,P11411,0
924,5284627,P98170,0
925,5284627,Q9F4F7,0
926,5284627,O95372,0
927,5284627,P55210,0
928,5284627,Q9NPC2,0
929,5284627,P9WFX0,0
930,5284627,P08659,0
931,5284627,P21700,0
932,5284627,Q99VQ4,0
933,158781,P11411,0
934,158781,P98170,0
935,158781,Q9F4F7,0
936,158781,O95372,0
937,158781,P55210,0
938,158781,Q9NPC2,0
939,158781,P08659,0
940,158781,P21700,0
941,158781,Q99VQ4,0
942,2179,P11021,0
943,2179,P08659,0
944,2179,P0AF67,0
945,2153,O00764,1
946,2153,Q9F4F7,1
947,2153,Q873X9,1
948,2153,Q02499,0
949,2153,P08659,0
950,2153,P0AF67,0
951,2153,P11411,0
952,2153,P98170,0
953,2153,O95372,0
954,2153,P55210,0
955,2153,Q9NPC2,0
956,2153,P9WFX0,0
957,2153,Q05DJ8,0
958,2153,P11021,0
959,2153,P9WQ59,0
960,2153,P65502,0
961,2153,O86157,0
962,2153,P21700,0
963,2153,Q99VQ4,0
964,152951,P08659,0
965,5920,Q91ZM7,1
966,5920,P11411,0
967,5920,P98170,0
968,5920,Q9F4F7,0
969,5920,O95372,0
970,5920,Q92570,0
971,5920,P55210,0
972,5920,Q9NPC2,0
973,5920,P9WFX0,0
974,5920,Q05DJ8,0
975,5920,P08659,0
976,5920,P9WQ59,0
977,5920,P11021,0
978,5920,P65502,0
979,5920,O86157,0
980,3114,P55210,0
981,3114,P9WFX0,0
982,3114,Q05DJ8,0
983,3114,P11021,0
984,3114,P9WQ59,0
985,3114,P65502,0
986,3114,O86157,0
987,3114,P21700,0
988,3114,P08659,0
989,3676,Q02499,0
990,3676,P08659,0
991,3676,P0AF67,0
992,3676,P11411,0
993,3676,P98170,0
994,3676,Q9F4F7,0
995,3676,P55210,0
996,3676,P9WFX0,0
997,3676,Q05DJ8,0
998,3676,P11021,0
999,3676,P9WQ59,0
1000,3676,P65502,0
1001,3676,O86157,0
1002,3676,P21700,0
1003,3676,Q99VQ4,0
1004,4674,Q0GKD7,1
1005,4674,Q9F4F7,0
1006,4674,P11021,0
1007,4674,P08659,0
1008,4674,P21700,0
1009,4674,Q99VQ4,0
1010,26987,P08659,0
1011,26987,P0AF67,0
1012,26987,Q9F4F7,0
1013,26987,P11021,0
1014,26987,P21700,0
1015,26987,Q99VQ4,0
1016,5656,Q9WTR4,1
1017,5656,Q63380,1
1018,5656,Q9F4F7,0
1019,5656,P9WFX0,0
1020,5656,P11021,0
1021,5656,P08659,0
1022,5656,P21700,0
1023,5656,Q99VQ4,0
1024,443958,Q02499,0
1025,443958,P08659,0
1026,443958,P11411,0
1027,443958,P98170,0
1028,443958,Q9F4F7,0
1029,443958,O95372,0
1030,443958,P55210,0
1031,443958,P00761,0
1032,443958,Q9NPC2,0
1033,443958,Q05DJ8,0
1034,443958,P9WQ59,0
1035,443958,P11021,0
1036,443958,P65502,0
1037,443958,O86157,0
1038,54841,Q9WTR4,1
1039,54841,Q63380,1
1040,54841,P08659,0
1041,54841,P0AF67,0
1042,54841,Q9F4F7,0
1043,54841,P11021,0
1044,2708,Q02499,0
1045,2708,P08659,0
1046,2708,P0AF67,0
1047,2708,P11411,0
1048,2708,P98170,0
1049,2708,Q9F4F7,0
1050,2708,O95372,0
1051,2708,P55210,0
1052,2708,Q9NPC2,0
1053,2708,P9WFX0,0
1054,2708,Q05DJ8,0
1055,2708,P11021,0
1056,2708,P9WQ59,0
1057,2708,P65502,0
1058,2708,O86157,0
1059,2708,P21700,0
1060,2708,Q99VQ4,0
1061,667484,P02718,1
1062,667484,P02714,1
1063,667484,P02712,1
1064,667484,P02710,1
1065,667484,P08659,0
1066,667484,P0AF67,0
1067,667484,P11411,0
1068,667484,P98170,0
1069,667484,Q9F4F7,0
1070,667484,O95372,0
1071,667484,P55210,0
1072,667484,Q9NPC2,0
1073,667484,P11021,0
1074,667484,P21700,0
1075,667484,Q99VQ4,0
1076,5288826,Q98UH1,1
1077,175805,Q9F4F7,0
1078,175805,P11021,0
1079,175805,P08659,0
1080,2474,P21700,0
1081,2474,Q99VQ4,0
1082,5526,P08659,0
1083,5526,P0AF67,0
1084,5526,Q9F4F7,0
1085,5526,P9WFX0,0
1086,5526,P11021,0
1087,5526,Q99VQ4,0
1088,150610,Q840P9,1
1089,40973,Q9F4F7,0
1090,40973,P11021,0
1091,40973,P08659,0
1092,5746,O95372,0
1093,5746,P55210,0
1094,5746,P9WFX0,0
1095,5746,Q05DJ8,0
1096,5746,P08659,0
1097,5746,P9WQ59,0
1098,5746,P11021,0
1099,5746,P65502,0
1100,5746,O86157,0
1101,5746,P21700,0
1102,5746,Q99VQ4,1
1103,8275,P08659,0
1104,82146,Q9F4F7,0
1105,82146,P21700,0
1106,82146,Q99VQ4,0
1107,82146,P08659,0
1108,40839,P21700,0
1109,40839,Q99VQ4,0
1110,2732,P11411,0
1111,2732,P98170,0
1112,2732,Q9F4F7,0
1113,2732,O95372,0
1114,2732,P55210,0
1115,2732,Q9NPC2,0
1116,2732,P9WFX0,0
1117,2732,Q05DJ8,0
1118,2732,P08659,0
1119,2732,P9WQ59,0
1120,2732,P11021,0
1121,2732,P65502,0
1122,2732,O86157,0
1123,2732,P21700,0
1124,2732,Q99VQ4,0
1125,4737,Q91ZM7,1
1126,4737,Q9F4F7,0
1127,4737,P11021,0
1128,4737,P08659,0
1129,4737,Q99VQ4,0
1130,3121,P08659,0
1131,3121,P0AF67,0
1132,3121,Q9F4F7,0
1133,3121,O95372,0
1134,3121,P55210,0
1135,3121,Q9NPC2,0
1136,3121,Q05DJ8,0
1137,3121,P9WQ59,0
1138,3121,P11021,0
1139,3121,P65502,0
1140,3121,O86157,0
1141,3121,P21700,0
1142,3121,Q99VQ4,0
1143,60857,O95372,0
1144,60857,P55210,0
1145,60857,Q9NPC2,0
1146,60857,P9WFX0,0
1147,60857,P21700,0
1148,60857,Q99VQ4,0
1149,60857,P08659,0
1150,1983,P08659,0
1151,1983,P0AF67,0
1152,1983,Q9F4F7,0
1153,1983,O95372,0
1154,1983,P55210,0
1155,1983,P9WFX0,0
1156,1983,Q05DJ8,0
1157,1983,P9WQ59,0
1158,1983,Q02936,0
1159,1983,P11021,0
1160,1983,P65502,0
1161,1983,O86157,0
1162,1983,Q99VQ4,0
1163,123631,Q9F4F7,0
1164,123631,P11021,0
1165,123631,P08659,0
1166,123631,P21700,0
1167,123631,Q99VQ4,0
1168,123631,P86926,0
1169,5284371,P08659,0
1170,43672,P35695,1
1171,43672,Q6JP75,1
1172,43672,Q46991,1
1173,43672,Q670S6,1
1174,43672,Q3SAW3,1
1175,43672,Q50H31,1
1176,43672,P0AD64,1
1177,43672,Q4TVR4,1
1178,43672,P0AD63,1
1179,43672,Q840P9,1
1180,43672,Q7X575,1
1181,43672,Q8RL90,1
1182,43672,Q2XPY6,1
1183,43672,P21700,0
1184,43672,Q99VQ4,1
1185,10531,P11021,0
1186,10531,P08659,0
1187,2160,Q9WTR4,1
1188,2160,P08659,0
1189,2160,P0AF67,0
1190,2160,Q9F4F7,0
1191,2160,P11021,0
1192,5790,Q02499,0
1193,5790,P08659,0
1194,5790,P11411,0
1195,5790,P98170,0
1196,5790,Q9F4F7,0
1197,5790,O95372,0
1198,5790,P00469,0
1199,5790,P55210,0
1200,5790,Q9NPC2,0
1201,5790,Q05DJ8,0
1202,5790,P9WQ59,0
1203,5790,P11021,0
1204,5790,P65502,0
1205,5790,O86157,0
1206,5790,P21700,0
1207,5790,Q99VQ4,1
1208,4659569,P08659,1
1209,4659569,P11021,0
1210,4659569,P21700,0
1211,4659569,Q99VQ4,0
1212,9878,Q690N0,1
1213,9878,Q02499,0
1214,9878,P08659,0
1215,9878,P11411,0
1216,9878,P98170,0
1217,9878,Q9F4F7,0
1218,9878,O95372,0
1219,9878,P55210,0
1220,9878,Q9NPC2,0
1221,9878,P9WFX0,0
1222,9878,Q05DJ8,0
1223,9878,P9WQ59,0
1224,9878,P11021,0
1225,9878,P65502,0
1226,9878,O86157,0
1227,11963622,Q9F4F7,0
1228,11963622,P11021,0
1229,3715,Q02499,0
1230,3715,P08659,0
1231,3715,P0AF67,0
1232,3715,P11411,0
1233,3715,P98170,0
1234,3715,Q9F4F7,0
1235,3715,O95372,0
1236,3715,P55210,0
1237,3715,Q9NPC2,0
1238,3715,P9WFX0,0
1239,3715,Q05DJ8,0
1240,3715,P11021,0
1241,3715,P9WQ59,0
1242,3715,P65502,0
1243,3715,O86157,0
1244,3715,P21700,0
1245,3715,Q99VQ4,0
1246,4091,P08659,0
1247,4091,P0AF67,0
1248,4091,Q9F4F7,0
1249,4091,P11021,0
1250,4091,P21700,0
1251,4091,Q99VQ4,0
1252,657308,Q02499,0
1253,657308,P08659,0
1254,657308,P11411,0
1255,657308,P98170,0
1256,657308,O95372,0
1257,657308,Q8VH26,1
1258,657308,P55210,0
1259,657308,Q9NPC2,0
1260,657308,Q05DJ8,0
1261,657308,P9WQ59,0
1262,657308,P11021,0
1263,657308,P65502,0
1264,657308,O86157,0
1265,2249,Q02499,0
1266,2249,P08659,0
1267,2249,P11411,0
1268,2249,P98170,0
1269,2249,Q9F4F7,0
1270,2249,O95372,0
1271,2249,P55210,0
1272,2249,Q9NPC2,0
1273,2249,P9WFX0,0
1274,2249,Q05DJ8,0
1275,2249,P11021,0
1276,2249,P9WQ59,0
1277,2249,P65502,0
1278,2249,O86157,0
1279,2249,P21700,0
1280,2249,Q99VQ4,0
1281,5447130,P0AF67,0
1282,5447130,Q9F4F7,0
1283,5447130,O95372,0
1284,5447130,P55210,0
1285,5447130,P9WFX0,0
1286,5447130,Q05DJ8,0
1287,5447130,P08659,0
1288,5447130,P9WQ59,0
1289,5447130,P11021,0
1290,5447130,P65502,0
1291,5447130,O86157,0
1292,5447130,Q99VQ4,1
1293,6509979,Q9F4F7,0
1294,6509979,P11021,0
1295,6509979,P08659,0
1296,4594,Q9F4F7,1
1297,4594,P08659,1
1298,4594,Q02499,0
1299,4594,P0AF67,0
1300,4594,P11411,0
1301,4594,P98170,0
1302,4594,O95372,0
1303,4594,P55210,0
1304,4594,Q9NPC2,0
1305,4594,P9WFX0,0
1306,4594,Q05DJ8,0
1307,4594,P9WQ59,0
1308,4594,P11021,0
1309,4594,P65502,0
1310,4594,O86157,0
1311,4594,P21700,0
1312,4594,Q99VQ4,0
1313,1046,P08659,0
1314,1046,P0AF67,0
1315,1046,P11411,0
1316,1046,P98170,0
1317,1046,Q9F4F7,0
1318,1046,O95372,0
1319,1046,P55210,0
1320,1046,Q9NPC2,0
1321,1046,P9WFX0,0
1322,1046,Q05DJ8,0
1323,1046,P11021,0
1324,1046,P9WQ59,0
1325,1046,P65502,0
1326,1046,O86157,0
1327,1046,P21700,0
1328,1046,Q99VQ4,0
1329,2678,Q9F4F7,0
1330,2678,P11021,0
1331,2678,P21700,0
1332,2678,Q99VQ4,0
1333,5405,P11021,0
1334,5405,Q02499,0
1335,5405,P08659,0
1336,5405,P11411,0
1337,5405,P98170,0
1338,5405,Q9F4F7,0
1339,5405,O95372,0
1340,5405,P55210,0
1341,5405,Q9NPC2,0
1342,5405,P9WFX0,0
1343,5405,P12746,0
1344,5405,Q05DJ8,0
1345,5405,P9WQ59,0
1346,5405,P65502,0
1347,5405,O86157,0
1348,5405,P21700,0
1349,5405,Q99VQ4,0
1350,5405,Q5HGF6,0
1351,5405,Q5HCI2,0
1352,39186,P08659,0
1353,39186,P0AF67,0
1354,39186,Q9F4F7,0
1355,39186,P9WFX0,0
1356,39186,P11021,0
1357,39186,P21700,0
1358,39186,Q99VQ4,0
1359,4976,P08659,0
1360,4976,P0AF67,0
1361,4976,Q9F4F7,0
1362,4976,P11021,0
1363,2148,P08659,0
1364,2148,P0AF67,0
1365,2148,Q9F4F7,0
1366,2148,O95372,0
1367,2148,P55210,0
1368,2148,P9WFX0,0
1369,2148,Q05DJ8,0
1370,2148,P9WQ59,0
1371,2148,P11021,0
1372,2148,P65502,0
1373,2148,O86157,0
1374,2148,Q99VQ4,0
1375,2092,P11411,0
1376,2092,P98170,0
1377,2092,Q9F4F7,0
1378,2092,O95372,0
1379,2092,P55210,0
1380,2092,Q9NPC2,0
1381,2092,P9WFX0,0
1382,2092,P11021,0
1383,2092,P08659,0
1384,2092,P21700,0
1385,2092,Q99VQ4,0
1386,5576,P08659,0
1387,5576,P0AF67,0
1388,5576,Q9F4F7,0
1389,5576,O95372,0
1390,5576,P55210,0
1391,5576,Q9NPC2,0
1392,5576,P9WFX0,0
1393,5576,Q05DJ8,0
1394,5576,P9WQ59,0
1395,5576,P11021,0
1396,5576,P65502,0
1397,5576,O86157,0
1398,5576,Q99VQ4,0
1399,2789,Q9F4F7,0
1400,2789,P11021,0
1401,2789,P08659,0
1402,4201,Q02499,0
1403,4201,P08659,0
1404,4201,P0AF67,0
1405,4201,P11411,0
1406,4201,P98170,0
1407,4201,Q9F4F7,0
1408,4201,O95372,0
1409,4201,P55210,0
1410,4201,Q9NPC2,0
1411,4201,P9WFX0,0
1412,4201,Q05DJ8,0
1413,4201,P11021,0
1414,4201,P9WQ59,0
1415,4201,P65502,0
1416,4201,O86157,0
1417,4201,P21700,0
1418,4201,Q99VQ4,0
1419,11683,Q690N0,1
1420,11683,Q02499,0
1421,11683,P08659,0
1422,11683,P11411,0
1423,11683,P98170,0
1424,11683,Q9F4F7,0
1425,11683,O95372,0
1426,11683,P55210,0
1427,11683,Q9NPC2,0
1428,11683,P9WFX0,0
1429,11683,Q05DJ8,0
1430,11683,P9WQ59,0
1431,11683,P11021,0
1432,11683,P65502,0
1433,11683,O86157,0
1434,11683,P21700,0
1435,11683,Q99VQ4,0
1436,2723601,P26281,1
1437,2723601,Q9F4F7,0
1438,2723601,O95372,0
1439,2723601,P55210,0
1440,2723601,P9WFX0,0
1441,2723601,Q05DJ8,0
1442,2723601,P08659,0
1443,2723601,P9WQ59,0
1444,2723601,P11021,0
1445,2723601,P65502,0
1446,2723601,O86157,0
1447,2723601,Q99VQ4,0
1448,8226,Q9F4F7,1
1449,8226,P11021,0
1450,8226,P08659,0
1451,2733,P08659,0
1452,2733,P0AF67,0
1453,2733,P11411,0
1454,2733,P98170,0
1455,2733,Q9F4F7,0
1456,2733,O95372,0
1457,2733,P55210,0
1458,2733,Q9NPC2,0
1459,2733,P9WFX0,0
1460,2733,Q05DJ8,0
1461,2733,P11021,0
1462,2733,P9WQ59,0
1463,2733,P65502,0
1464,2733,O86157,0
1465,2733,P21700,0
1466,2733,Q99VQ4,0
1467,2145,Q9F4F7,0
1468,2145,O95372,0
1469,2145,P55210,0
1470,2145,Q9NPC2,0
1471,2145,P9WFX0,0
1472,2145,Q05DJ8,0
1473,2145,P11021,0
1474,2145,P9WQ59,0
1475,2145,P65502,0
1476,2145,O86157,0
1477,2145,P21700,0
1478,2145,Q99VQ4,0
1479,2145,P08659,0
1480,4046,P90584,1
1481,4046,Q9F4F7,0
1482,4046,P9WFX0,0
1483,4046,P11021,0
1484,5215,Q02499,0
1485,5215,P08659,0
1486,5215,P0AF67,0
1487,5215,P11411,0
1488,5215,P98170,0
1489,5215,Q9F4F7,0
1490,5215,O95372,0
1491,5215,P55210,0
1492,5215,Q9NPC2,0
1493,5215,P9WFX0,0
1494,5215,Q05DJ8,0
1495,5215,P9WQ59,0
1496,5215,P11021,0
1497,5215,P65502,0
1498,5215,O86157,0
1499,5215,P21700,0
1500,5215,Q99VQ4,0
1501,72474,Q9F4F7,0
1502,72474,P11021,0
1503,72474,P08659,0
1504,3162,P11021,0
1505,13109,P11021,1
1506,13109,P11411,0
1507,13109,P98170,0
1508,13109,Q9F4F7,0
1509,13109,O95372,0
1510,13109,P55210,0
1511,13109,Q9NPC2,0
1512,13109,P9WFX0,0
1513,13109,Q05DJ8,0
1514,13109,P08659,0
1515,13109,P9WQ59,0
1516,13109,P65502,0
1517,13109,O86157,0
1518,13109,P21700,0
1519,13109,Q99VQ4,0
1520,439260,P9WFX0,0
1521,439260,P11021,0
1522,439260,P08659,0
1523,439260,P21700,0
1524,439260,Q99VQ4,0
1525,60613,P11021,0
1526,60613,P08659,0
1527,60613,P86926,0
1528,4205,Q9WTR4,1
1529,4205,P08659,0
1530,4205,P0AF67,0
1531,4205,Q9F4F7,0
1532,4205,O95372,0
1533,4205,P55210,0
1534,4205,Q9NPC2,0
1535,4205,Q05DJ8,0
1536,4205,P9WQ59,0
1537,4205,P11021,0
1538,4205,P65502,0
1539,4205,O86157,0
1540,4205,P21700,0
1541,4205,Q99VQ4,0
1542,4064,P0AF67,0
1543,4064,Q9F4F7,0
1544,4064,P11021,0
1545,4064,P08659,0
1546,33624,P08659,0
1547,33624,P0AF67,0
1548,33624,Q9F4F7,0
1549,33624,P11021,0
1550,33624,P21700,0
1551,33624,Q99VQ4,0
1552,5572,P11021,0
1553,9051,O95372,0
1554,9051,P55210,0
1555,9051,P9WFX0,0
1556,9051,Q05DJ8,0
1557,9051,P08659,0
1558,9051,P9WQ59,0
1559,9051,P11021,0
1560,9051,P65502,0
1561,9051,O86157,0
1562,4178,Q9F4F7,0
1563,4178,P11021,0
1564,71384,P08659,0
1565,2162,Q8HY88,1
1566,2162,Q9F4F7,0
1567,2162,O95372,0
1568,2162,P55210,0
1569,2162,Q9NPC2,0
1570,2162,Q05DJ8,0
1571,2162,P9WQ59,0
1572,2162,P11021,0
1573,2162,P65502,0
1574,2162,O86157,0
1575,2162,P08659,0
1576,2162,P21700,0
1577,2162,Q99VQ4,0
1578,1935,Q9N1N9,1
1579,1935,P04058,1
1580,1935,Q9JKC1,1
1581,1935,P50135,1
1582,1935,Q9WTR4,1
1583,1935,P08659,0
1584,1935,P0AF67,0
1585,1935,Q9F4F7,0
1586,1935,P11021,0
1587,1935,P21700,0
1588,1935,Q99VQ4,0
1589,1935,P22303,1
1590,5546,Q01782,1
1591,5546,P08659,1
1592,5546,Q02499,0
1593,5546,P0AF67,0
1594,5546,P11411,0
1595,5546,P98170,0
1596,5546,Q9F4F7,0
1597,5546,O95372,0
1598,5546,P55210,0
1599,5546,Q9NPC2,0
1600,5546,P9WFX0,0
1601,5546,Q05DJ8,0
1602,5546,P11021,0
1603,5546,P9WQ59,0
1604,5546,P65502,0
1605,5546,O86157,0
1606,5546,P21700,0
1607,5546,Q99VQ4,0
1608,6041,P08659,0
1609,6041,P0AF67,0
1610,6041,P11021,0
1611,31072,P08659,0
1612,31072,P0AF67,0
1613,31072,Q9F4F7,0
1614,31072,P9WFX0,0
1615,31072,P11021,0
1616,2724385,P0AF67,0
1617,2724385,P11411,0
1618,2724385,P98170,0
1619,2724385,Q9F4F7,0
1620,2724385,O95372,0
1621,2724385,P55210,0
1622,2724385,Q9NPC2,0
1623,2724385,P9WFX0,0
1624,2724385,Q05DJ8,0
1625,2724385,P08659,0
1626,2724385,P9WQ59,0
1627,2724385,P11021,0
1628,2724385,P65502,0
1629,2724385,O86157,0
1630,5355,Q5TU56,1
1631,5355,Q6FTL6,1
1632,5355,Q5U9J1,1
1633,5355,Q31FD6,1
1634,5355,Q9F4F7,0
1635,5355,O95372,0
1636,5355,P55210,0
1637,5355,Q9NPC2,0
1638,5355,P9WFX0,0
1639,5355,Q05DJ8,0
1640,5355,P11021,0
1641,5355,P9WQ59,0
1642,5355,P65502,0
1643,5355,O86157,0
1644,5355,P21700,0
1645,5355,P08659,0
1646,3290,Q9N1N9,1
1647,3290,P11021,0
1648,4497,Q02499,0
1649,4497,P08659,0
1650,4497,P11411,0
1651,4497,P98170,0
1652,4497,Q9F4F7,0
1653,4497,O95372,0
1654,4497,P55210,0
1655,4497,Q9NPC2,0
1656,4497,P9WFX0,0
1657,4497,Q05DJ8,0
1658,4497,P11021,0
1659,4497,P9WQ59,0
1660,4497,P65502,0
1661,4497,O86157,0
1662,4497,P21700,0
1663,4497,Q99VQ4,0
1664,4497,P86926,0
1665,21700,O95372,0
1666,21700,P55210,0
1667,21700,P9WFX0,0
1668,21700,Q05DJ8,0
1669,21700,P08659,0
1670,21700,P9WQ59,0
1671,21700,P11021,0
1672,21700,P65502,0
1673,21700,O86157,0
1674,21700,P21700,0
1675,2576,Q02499,0
1676,2576,P08659,0
1677,2576,P0AF67,0
1678,2576,P11411,0
1679,2576,P98170,0
1680,2576,Q9F4F7,0
1681,2576,O95372,0
1682,2576,P55210,0
1683,2576,Q9NPC2,0
1684,2576,P9WFX0,0
1685,2576,Q05DJ8,0
1686,2576,P11021,0
1687,2576,P9WQ59,0
1688,2576,P65502,0
1689,2576,O86157,0
1690,2576,P21700,0
1691,2576,Q99VQ4,0
1692,5994,Q690N0,1
1693,5994,Q02499,0
1694,5994,P08659,0
1695,5994,P0AF67,0
1696,5994,P11411,0
1697,5994,P98170,0
1698,5994,Q9F4F7,0
1699,5994,O95372,0
1700,5994,Q92570,1
1701,5994,P55210,0
1702,5994,Q9NPC2,0
1703,5994,P9WFX0,0
1704,5994,Q05DJ8,0
1705,5994,P11021,0
1706,5994,P9WQ59,0
1707,5994,P65502,0
1708,5994,O86157,0
1709,5994,P21700,0
1710,5994,Q99VQ4,0
1711,216239,Q8T9Z7,1
1712,216239,Q9F4F7,0
1713,216239,P11021,0
1714,216239,P08659,0
1715,68740,Q0GKD7,1
1716,68740,P22939,1
1717,68740,Q9F4F7,0
1718,68740,P11021,0
1719,68740,P08659,0
1720,68740,P21700,0
1721,68740,Q99VQ4,0
1722,441140,P0AF67,0
1723,441140,Q9F4F7,0
1724,441140,O95372,0
1725,441140,P55210,0
1726,441140,Q9NPC2,0
1727,441140,P9WFX0,0
1728,441140,Q05DJ8,0
1729,441140,P08659,0
1730,441140,P9WQ59,0
1731,441140,P11021,0
1732,441140,P65502,0
1733,441140,O86157,0
1734,441140,P21700,0
1735,441140,Q99VQ4,0
1736,4499,Q9F4F7,1
1737,4499,O95372,0
1738,4499,P55210,0
1739,4499,Q9NPC2,0
1740,4499,Q05DJ8,0
1741,4499,P9WQ59,0
1742,4499,P11021,0
1743,4499,P65502,0
1744,4499,O86157,0
1745,4499,P21700,0
1746,4499,Q99VQ4,0
1747,4499,P08659,0
1748,969472,Q9F4F7,0
1749,969472,O95372,0
1750,969472,P55210,0
1751,969472,Q9NPC2,0
1752,969472,Q05DJ8,0
1753,969472,P08659,0
1754,969472,P9WQ59,0
1755,969472,P11021,0
1756,969472,P65502,0
1757,969472,O86157,0
1758,969472,P21700,0
1759,2118,Q91ZM7,1
1760,2118,P11411,0
1761,2118,P98170,0
1762,2118,Q9F4F7,0
1763,2118,P08659,0
1764,2118,P11021,0
1765,2118,P21700,0
1766,2118,Q99VQ4,0
1767,16960,Q9F4F7,0
1768,16960,P11021,0
1769,16960,P08659,0
1770,3468,P11021,0
1771,3964,P11021,0
1772,54477,P52702,1
1773,54477,P52703,1
1774,54477,P08659,0
1775,54477,P0AF67,0
1776,54477,Q9F4F7,0
1777,54477,P11021,0
1778,54477,P21700,0
1779,54477,Q99VQ4,0
1780,446596,Q9F4F7,0
1781,446596,O95372,0
1782,446596,P55210,0
1783,446596,Q9NPC2,0
1784,446596,Q05DJ8,0
1785,446596,P9WQ59,0
1786,446596,P11021,0
1787,446596,P65502,0
1788,446596,O86157,0
1789,446596,P08659,0
1790,446596,P21700,0
1791,5831,Q8VH26,1
1792,5831,P02710,1
1793,5831,Q9F4F7,0
1794,5831,O95372,0
1795,5831,P55210,0
1796,5831,P9WFX0,0
1797,5831,Q05DJ8,0
1798,5831,P08659,0
1799,5831,P9WQ59,0
1800,5831,P11021,0
1801,5831,P65502,0
1802,5831,O86157,0
1803,5831,P21700,0
1804,5831,Q99VQ4,0
1805,77999,Q6UWP2,1
1806,77999,Q9F4F7,0
1807,77999,P9WFX0,0
1808,77999,P11021,0
1809,77999,Q99VQ4,0
1810,77999,P08659,0
1811,119570,Q9F4F7,0
1812,119570,O95372,0
1813,119570,P55210,0
1814,119570,Q9NPC2,0
1815,119570,P11021,0
1816,119570,P08659,0
1817,119570,P21700,0
1818,119570,Q99VQ4,0
1819,1989,Q9F4F7,0
1820,1989,P08659,0
1821,1989,P0AF67,0
1822,1989,O95372,0
1823,1989,P55210,0
1824,1989,P9WFX0,0
1825,1989,Q05DJ8,0
1826,1989,P11021,0
1827,1989,P9WQ59,0
1828,1989,P65502,0
1829,1989,O86157,0
1830,1989,P21700,0
1831,1989,Q99VQ4,0
1832,6249,P35695,1
1833,6249,Q02499,0
1834,6249,P08659,0
1835,6249,Q9F4F7,0
1836,6249,O95372,0
1837,6249,P14677,1
1838,6249,P55210,0
1839,6249,Q9NPC2,0
1840,6249,Q05DJ8,0
1841,6249,Q50H31,1
1842,6249,Q840P9,1
1843,6249,Q3S5C3,1
1844,6249,Q48435,1
1845,6249,Q0VTS0,1
1846,6249,Q0VTR6,1
1847,6249,Q0VTR8,1
1848,6249,Q47066,1
1849,6249,P9WQ59,0
1850,6249,P11021,0
1851,6249,P65502,0
1852,6249,O86157,0
1853,6249,P21700,0
1854,6249,Q99VQ4,1
1855,24244,P08659,0
1856,6869,P35695,1
1857,6869,Q9F4F7,0
1858,6869,P11021,0
1859,6869,P08659,0
1860,5193,P11021,0
1861,5193,P08659,0
1862,51634,Q9LGC6,1
1863,51634,O70282,1
1864,51634,P21700,0
1865,51634,Q99VQ4,0
1866,51634,P08659,0
1867,4926,P08659,0
1868,4926,P0AF67,0
1869,4926,Q9F4F7,0
1870,4926,P11021,0
1871,5833,Q690N0,1
1872,5833,O95372,0
1873,5833,P55210,0
1874,5833,Q9NPC2,0
1875,5833,P9WFX0,0
1876,5833,Q05DJ8,0
1877,5833,P9WQ59,0
1878,5833,P11021,0
1879,5833,P65502,0
1880,5833,O86157,0
1881,5833,P21700,0
1882,5833,Q99VQ4,0
1883,5833,P08659,0
1884,4107,Q02499,0
1885,4107,P08659,0
1886,4107,P11411,0
1887,4107,P98170,0
1888,4107,Q9F4F7,0
1889,4107,O95372,0
1890,4107,P55210,0
1891,4107,Q9NPC2,0
1892,4107,P9WFX0,0
1893,4107,Q05DJ8,0
1894,4107,P9WQ59,0
1895,4107,P11021,0
1896,4107,P65502,0
1897,4107,O86157,0
1898,4107,P21700,0
1899,4107,Q99VQ4,0
1900,154417,Q9F4F7,0
1901,154417,O95372,0
1902,154417,P55210,0
1903,154417,Q9NPC2,0
1904,154417,Q05DJ8,0
1905,154417,P08659,0
1906,154417,P9WQ59,0
1907,154417,P11021,0
1908,154417,P65502,0
1909,154417,O86157,0
1910,5732,Q91ZM7,1
1911,5732,Q9F4F7,0
1912,5732,P9WFX0,0
1913,5732,P11021,0
1914,5732,P08659,0
1915,3324,P11411,0
1916,3324,P98170,0
1917,3324,Q9F4F7,0
1918,3324,O95372,0
1919,3324,P55210,0
1920,3324,Q9NPC2,0
1921,3324,P9WFX0,0
1922,3324,P08659,0
1923,3324,P11021,0
1924,3324,P21700,0
1925,3324,Q99VQ4,0
1926,5282443,Q9F4F7,0
1927,5282443,P11021,0
1928,5282443,P08659,0
1929,5282443,P21700,0
1930,5282443,Q99VQ4,0
1931,29327,P9WFX0,0
1932,29327,Q99VQ4,0
1933,29327,P08659,0
1934,636405,Q9F4F7,0
1935,636405,P11021,0
1936,636405,P08659,0
1937,727,Q9F4F7,0
1938,727,O95372,0
1939,727,P55210,0
1940,727,P9WFX0,0
1941,727,Q05DJ8,0
1942,727,P08659,0
1943,727,P9WQ59,0
1944,727,P11021,0
1945,727,P65502,0
1946,727,O86157,0
1947,727,Q99VQ4,0
1948,6256,P11411,0
1949,6256,P98170,0
1950,6256,Q9F4F7,0
1951,6256,O95372,0
1952,6256,P55210,0
1953,6256,Q9NPC2,0
1954,6256,Q05DJ8,0
1955,6256,P08659,0
1956,6256,P9WQ59,0
1957,6256,P11021,0
1958,6256,P65502,0
1959,6256,O86157,0
1960,4917,Q02499,0
1961,4917,P08659,0
1962,4917,P0AF67,0
1963,4917,P11411,0
1964,4917,P98170,0
1965,4917,Q9F4F7,0
1966,4917,O95372,0
1967,4917,P55210,0
1968,4917,Q9NPC2,0
1969,4917,P11021,0
1970,4917,O86157,0
1971,2913,Q9F4F7,1
1972,2913,P08659,0
1973,2913,P0AF67,0
1974,2913,P11021,0
1975,2913,P21700,0
1976,2913,Q99VQ4,0
1977,2315,Q02499,0
1978,2315,P08659,0
1979,2315,P11411,0
1980,2315,P98170,0
1981,2315,Q9F4F7,0
1982,2315,O95372,0
1983,2315,P55210,0
1984,2315,Q9NPC2,0
1985,2315,P9WFX0,0
1986,2315,Q05DJ8,0
1987,2315,P9WQ59,0
1988,2315,P11021,0
1989,2315,P65502,0
1990,2315,O86157,0
1991,2315,P21700,0
1992,2315,Q99VQ4,0
1993,5481173,P05364,1
1994,5481173,P94958,1
1995,5481173,O69773,1
1996,5481173,Q670S6,1
1997,5481173,Q53TY8,1
1998,5481173,Q8RL90,1
1999,5481173,Q0VTR6,1
2000,5481173,Q08I33,1
2001,5481173,P21700,0
2002,5481173,Q99VQ4,0
2003,446156,P21700,0
2004,446156,Q99VQ4,0
2005,5578,P0A017,1
2006,5578,P22906,1
2007,5578,Q07422,1
2008,5578,Q8Z9J9,1
2009,5578,P13922,1
2010,5578,P16184,1
2011,5578,P00381,1
2012,5578,Q27713,1
2013,5578,O30463,1
2014,5578,P04174,1
2015,5578,P0ABQ4,1
2016,5578,Q27552,1
2017,5578,Q02499,0
2018,5578,P08659,0
2019,5578,P0AF67,0
2020,5578,P11411,0
2021,5578,P98170,0
2022,5578,Q9F4F7,0
2023,5578,O95372,0
2024,5578,P55210,0
2025,5578,Q9NPC2,0
2026,5578,P9WFX0,0
2027,5578,P0A7T7,1
2028,5578,P08192,0
2029,5578,Q05DJ8,0
2030,5578,P11021,0
2031,5578,Q81R22,1
2032,5578,P9WQ59,0
2033,5578,P65502,0
2034,5578,O86157,0
2035,5578,P21700,0
2036,5578,Q99VQ4,1
2037,60750,P21700,0
2038,60750,Q99VQ4,1
2039,9782,Q9F4F7,0
2040,9782,O95372,0
2041,9782,P55210,0
2042,9782,Q9NPC2,0
2043,9782,P9WFX0,0
2044,9782,Q05DJ8,0
2045,9782,P9WQ59,0
2046,9782,P11021,0
2047,9782,P65502,0
2048,9782,O86157,0
2049,9782,P08659,0
2050,5959,P0AF67,0
2051,5959,Q9F4F7,0
2052,5959,O95372,0
2053,5959,P55210,0
2054,5959,Q9NPC2,0
2055,5959,Q05DJ8,0
2056,5959,P9WQ59,0
2057,5959,Q02936,0
2058,5959,P11021,0
2059,5959,P65502,0
2060,5959,O86157,0
2061,5959,P08659,0
2062,5959,P21700,0
2063,5959,Q99VQ4,1
2064,5284585,P14677,1
2065,3883,Q9F4F7,1
2066,3883,P08659,1
2067,3883,Q02499,0
2068,3883,P0AF67,0
2069,3883,P11411,0
2070,3883,P98170,0
2071,3883,O95372,0
2072,3883,P55210,0
2073,3883,Q9NPC2,0
2074,3883,P9WFX0,0
2075,3883,Q05DJ8,0
2076,3883,P11021,0
2077,3883,P9WQ59,0
2078,3883,P65502,0
2079,3883,O86157,0
2080,3883,P21700,0
2081,3883,Q99VQ4,0
2082,3168,Q02499,0
2083,3168,P08659,0
2084,3168,P0AF67,0
2085,3168,P11411,0
2086,3168,P98170,0
2087,3168,Q9F4F7,0
2088,3168,O95372,0
2089,3168,P55210,0
2090,3168,Q9NPC2,0
2091,3168,P9WFX0,0
2092,3168,Q05DJ8,0
2093,3168,P9WQ59,0
2094,3168,P11021,0
2095,3168,P65502,0
2096,3168,O86157,0
2097,3168,P21700,0
2098,3168,Q99VQ4,0
2099,5819,Q9F4F7,0
2100,5819,O95372,0
2101,5819,P55210,0
2102,5819,Q9NPC2,0
2103,5819,P9WFX0,0
2104,5819,P11021,0
2105,5819,P08659,0
2106,5819,P21700,0
2107,5819,Q99VQ4,0
2108,8378,P15917,1
2109,8378,Q9HWR2,1
2110,8378,P21700,0
2111,8378,Q99VQ4,0
2112,3957,Q02499,0
2113,3957,P08659,0
2114,3957,P0AF67,0
2115,3957,P11411,0
2116,3957,P98170,0
2117,3957,Q9F4F7,0
2118,3957,O95372,0
2119,3957,P55210,0
2120,3957,Q9NPC2,0
2121,3957,Q05DJ8,0
2122,3957,P11021,0
2123,3957,P9WQ59,0
2124,3957,P65502,0
2125,3957,O86157,0
2126,3957,P21700,0
2127,3957,Q99VQ4,0
2128,6024,P05364,1
2129,6024,O95372,0
2130,6024,P14677,1
2131,6024,P55210,0
2132,6024,Q670S6,1
2133,6024,Q05DJ8,0
2134,6024,Q50H31,0
2135,6024,P0AD64,1
2136,6024,Q4TVR4,1
2137,6024,P0AD63,1
2138,6024,Q840P9,1
2139,6024,Q3S5C3,1
2140,6024,Q48435,1
2141,6024,Q0VTR6,1
2142,6024,Q3Y6Q3,1
2143,6024,Q5U7L7,1
2144,6024,P9WQ59,0
2145,6024,Q02936,0
2146,6024,P11021,0
2147,6024,P65502,0
2148,6024,O86157,0
2149,6024,P08659,0
2150,4893,P08659,0
2151,4893,P0AF67,0
2152,4893,Q9F4F7,0
2153,4893,P9WFX0,0
2154,4893,P11021,0
2155,4893,P21700,0
2156,4893,Q99VQ4,0
2157,3696,Q9WTR4,1
2158,3696,P08659,0
2159,3696,P0AF67,0
2160,3696,Q9F4F7,0
2161,3696,P11021,0
2162,3696,P21700,0
2163,3696,Q99VQ4,0
2164,5284513,Q9F4F7,0
2165,5284513,O95372,0
2166,5284513,P55210,0
2167,5284513,Q9NPC2,0
2168,5284513,Q05DJ8,0
2169,5284513,P9WQ59,0
2170,5284513,P11021,0
2171,5284513,P65502,0
2172,5284513,O86157,0
2173,5284513,P21700,0
2174,4409,P08659,1
2175,4409,P0AF67,0
2176,4409,P11411,0
2177,4409,P98170,0
2178,4409,Q9F4F7,0
2179,4409,O95372,0
2180,4409,P55210,0
2181,4409,Q9NPC2,0
2182,4409,P9WFX0,0
2183,4409,Q05DJ8,0
2184,4409,P9WQ59,0
2185,4409,P11021,0
2186,4409,P65502,0
2187,4409,O86157,0
2188,4409,P21700,0
2189,4409,Q99VQ4,0
2190,23665772,P21700,0
2191,23665772,P08659,0
2192,3826,P08659,1
2193,3826,P11021,0
2194,3229,Q47245,1
2195,3229,Q02499,0
2196,3229,P08659,0
2197,3229,P0AF67,0
2198,3229,Q9F4F7,0
2199,3229,P9WFX0,0
2200,3229,Q05DJ8,0
2201,3229,P9WQ59,0
2202,3229,P11021,0
2203,3229,P65502,0
2204,3229,O86157,0
2205,3229,P21700,0
2206,3229,Q99VQ4,0
2207,3034034,P21700,0
2208,3034034,Q99VQ4,0
2209,54677971,Q9F4F7,1
2210,54677971,P08659,0
2211,54677971,P0AF67,0
2212,54677971,P11411,0
2213,54677971,P98170,0
2214,54677971,O95372,0
2215,54677971,P55210,0
2216,54677971,Q9NPC2,0
2217,54677971,P9WFX0,0
2218,54677971,Q05DJ8,0
2219,54677971,P9WQ59,0
2220,54677971,P11021,0
2221,54677971,P65502,0
2222,54677971,O86157,0
2223,54677971,P21700,0
2224,54677971,Q99VQ4,0
2225,5281040,P21700,0
2226,5281040,Q99VQ4,0
2227,3386,Q9WTR4,1
2228,3386,Q63380,1
2229,3386,Q9F4F7,0
2230,3386,P11021,0
2231,3386,P08659,0
2232,3386,P21700,0
2233,3386,Q99VQ4,0
2234,2712,Q91ZM7,1
2235,2712,O95372,0
2236,2712,P55210,0
2237,2712,Q9NPC2,0
2238,2712,Q05DJ8,0
2239,2712,P9WQ59,0
2240,2712,P11021,0
2241,2712,P65502,0
2242,2712,O86157,0
2243,2712,P21700,0
2244,2712,Q99VQ4,0
2245,60835,Q63380,1
2246,60835,P11411,0
2247,60835,P98170,0
2248,60835,Q9F4F7,0
2249,60835,O95372,0
2250,60835,P55210,0
2251,60835,Q9NPC2,0
2252,60835,P08659,0
2253,60835,P11021,0
2254,60835,P21700,0
2255,60835,Q99VQ4,0
2256,2726,Q8CFM9,1
2257,2726,P02710,1
2258,2726,P28593,1
2259,2726,Q9F4F7,1
2260,2726,P08659,0
2261,2726,P0AF67,0
2262,2726,P9WFX0,0
2263,2726,P11021,0
2264,2726,P21700,0
2265,2726,Q99VQ4,0
2266,5071,P05778,1
2267,5071,Q9F4F7,0
2268,5071,P9WFX0,0
2269,5071,P11021,0
2270,5071,P08659,0
2271,5071,P21700,0
2272,5071,Q99VQ4,0
2273,37768,Q9F4F7,0
2274,37768,P11021,0
2275,37768,P08659,0
2276,216326,Q9F4F7,0
2277,216326,P11021,0
2278,216326,P08659,0
2279,216326,P86926,0
2280,5035,P25779,1
2281,5035,P08659,0
2282,5035,P0AF67,0
2283,5035,Q9F4F7,0
2284,5035,P11021,0
2285,5035,P21700,0
2286,5035,Q99VQ4,0
2287,2662,Q6FTL6,1
2288,2662,P40881,1
2289,2662,Q5TU56,1
2290,2662,Q5U9J1,1
2291,2662,Q8SPQ9,1
2292,2662,Q31FD6,1
2293,2662,Q690N0,1
2294,2662,P96878,1
2295,2662,Q50565,1
2296,2662,P0AF67,0
2297,2662,Q9F4F7,0
2298,2662,O95372,0
2299,2662,P55210,0
2300,2662,Q9NPC2,0
2301,2662,P9WFX0,0
2302,2662,Q05DJ8,0
2303,2662,P08659,0
2304,2662,P9WQ59,0
2305,2662,P11021,0
2306,2662,P65502,0
2307,2662,O86157,0
2308,2662,P21700,0
2309,2662,P0A0J7,0
2310,2662,Q99VQ4,0
2311,6172,P9WFX0,0
2312,6172,P21700,0
2313,6172,Q99VQ4,0
2314,6172,P08659,0
2315,2435,Q02499,0
2316,2435,P08659,0
2317,2435,P0AF67,0
2318,2435,P11411,0
2319,2435,P98170,0
2320,2435,Q9F4F7,0
2321,2435,Q9NPC2,0
2322,2435,P11021,0
2323,2435,P21700,0
2324,18381,P35695,1
2325,51081,P9WFX0,0
2326,51081,P21700,0
2327,51081,Q99VQ4,1
2328,2123,Q02499,0
2329,2123,P08659,0
2330,2123,P0AF67,0
2331,2123,P11411,0
2332,2123,P98170,0
2333,2123,Q9F4F7,0
2334,2123,O95372,0
2335,2123,P55210,0
2336,2123,Q9NPC2,0
2337,2123,P9WFX0,0
2338,2123,Q05DJ8,0
2339,2123,P11021,0
2340,2123,P9WQ59,0
2341,2123,P65502,0
2342,2123,O86157,0
2343,2123,P21700,0
2344,2123,Q99VQ4,0
2345,5253,Q9F4F7,0
2346,5253,P11021,0
2347,5253,P08659,0
2348,5253,P21700,0
2349,5253,Q99VQ4,0
